digest size (bits),collision time (s)
8,0.002672
10,0.000888
12,0.001757
14,0.001173
16,0.010509
18,0.015306
20,0.005102
22,0.046951
24,0.189567
26,0.172907
28,0.12365
30,0.555931
32,1.530346
34,2.193164
36,5.250574
38,12.682642
40,23.775646
42,31.191818
44,30.40815
46,143.698641
48,364.530375
50,1114.844131